ひよこ,ぴよぴよ,1413367546
ひよこ,ぴよぴよ,1413367573
ひよこ,ぴよぴよ,1413367594
ひよこ,ぴよぴよ,1413367695
ひよこ,ぴよぴよ,1413367697
あああ,"ああああ
あああああ
あああああああ",1413375521
あ,あああ,1413377003
いい,いいいい,1413377168
やまうちきみゆき,"コメントを書き込みます。
２行目も書き込みます。
３行目
４行目",1413377479
,,1413377516
,,1413377518
,,1413377519
あいうえお,"あ
い
う
え
お
あ",1413453325
ああああ,ああああああ,1413454469
うううう,いいい,1413455995
,,1413457402
,ああああ,1413457407
あああ,,1413457412
さささ,さささ,1413459140
あああああ,"ああああ
あああああ
あああ",1413460637
あああああ,"ああああ
あああああ
あああ",1413460820
あいうえお,あいうえお,1413460828
あいうえお,あいうえお,1413461056
あいうえお,あいうえお,1413461079
さささ,さささ,1413461178
さささ,さささ,1413461183
さささ,さささ,1413461189
さささ,さささ,1413461194
さささ,さささ,1413461256
ややや,ややや,1413461355
ややや,ややや,1413461367
あああ,あああ,1413461402
あああ,あああ,1413461409
あああ,あああ,1413461422
あああ,あああ,1413461475
あああ,あああ,1413461502
あああ,あああ,1413462423
ややや,ややや,1413462596
ややや,ややや,1413462601
さささ,さささ,1413462867
aaa,bbb,1413464166
ccc,ddd,1413464552
eee,fff,1413464564
aaa,aaaaa,1413971601
abc,abcdefg,1413971611
aa,aaaa,1413981658
